joeorton/\jeo101/\joeorton/\joe
joeorton/\joe/\joeorton/\jorton
joeschaefer/\joe/\joeschaefer/\joegmane
joeschaefer/\joegmane/\joeschaefer'/\joes
erikabele/\erik/\erikabele/\erikabele
erikabele/\erikabele/\erikabele/\webmaster
jasonclary/\jclary/\jasonsclary/\jclary
jasonsclary/\jclary/\jasonsclary/\root
justincdarby/\jdarby/\justincdarby/\windex
lucid/\lucid/\lucid/\root
jwb/\jwb/\jeffbaker/\jwb
jeffbaker/\jwb/\jeffreywbaker/\jwbaker
jeffreywbaker/\jwbaker/\jeffreybaker/\jwb
johnbley/\jbb6/\johnbley/\jbley
gregames/\gregames/\gregoryames/\gregames
gregames/\gregames/\rapidfx/\greg
gregames/\gregames/\greg/\gregames
scottsanders/\satan/\scottsanders/\scott
keith/\keith/\wannamak/\wannamak
keithgmurphy/\keithmur/\wannamak/\wannamak
keithgmurphy/\keithmur/\keithwannamaker/\keith
keithwannamaker/\keith/\keithwannamaker/\krw
keithwannamaker/\krw/\keithwannamaker/\wannamak
manojjain/\manoj_jain/\manojkumarjain/\manojkumarjain
austingonyou/\austin/\gonyou,austin/\austin
justinerenkrantz/\jerenk/\justinerenkrantz/\jerenkra
justinerenkrantz/\jerenkra/\justinerenkrantz/\jerenkrantz
justinerenkrantz/\jerenkrantz/\justinerenkrantz/\justin
justinerenkrantz/\justin/\jerenkrantz/\jerenkrantz
tonyfinch/\dot/\dot/\dot
dot/\dot/\fanf/\fanf
francisdaly/\deva/\francisdaly/\francis
frankjfaubertjr/\frank/\frankjfaubert,jr'/\frank
tonyfinch/\dot/\tonyfinch/\fanf
blue/\blue/\bluelang/\blue
bruce/\bruce/\bruce/\bedouglas
andrewford/\aford/\andrewford/\andrew
andrewwilson/\awilson/\andrewwilson/\andrew
andrewwilson/\andrew/\andrewwilson/\awilson
chipturner/\chip/\chipturner/\cturner
christiangross/\cgross/\christiangross/\christiangross
christiangross/\christiangross/\christiangross/\cgross
christiangross/\christiangross/\christiangross/\ing
christiankruse/\ck1/\christiankruse/\christiankruse
christofdamian/\cdamian/\christofdamian/\christof
christofdamian/\christof/\christofdamian/\damian
paulquerna/\chip/\paulquerna/\pquerna
benedictdsilva/\benedictdsilva/\benedictdsilva/\benedictdsilva
johnsmith/\objectworld6/\objectworlds/\objectworld6
jeffstuart/\jstuart-/\jeffstuart/\jstuart
jeffstuart/\jstuart/\jeffreyastuart/\jstuart-
benjaminritcey/\cups/\benjaminwritcey/\ben
benjaminwritcey/\ben/\ritcey,benjamin/\benjaminritcey
thommay/\thom/\thommay/\thommay
thomaseibner/\eibner/\thomaseibner/\thomas
thomasjarosch/\thomasjarosch/\thomasjarosch/\tomj









