 Jayaprakash Arthanareeswaran /\jarthana
 Aleksandar Kurtakov /\akurtako
 Mickael Istria /\mistria
 Roland Grunberg /\rgrunber
 Daniel Megert /\daniel_megert
 Ari Kast /\arikast
 Gayan Perera /\gayanper
 Ed Merks /\ed.merks
 Stephan Herrmann /\stephan.herrmann
 Mateusz Matela /\mateusz.matela
 Andrey Loskutov /\loskutov
 Till Brychcy /\register.eclipse
 Fabrice Tiercelin /\fabrice.tiercelin
/\stephan.herrmann
 Lars Vogel /\lars.vogel
 Kenneth Styrberg /\kenneth
 Jeff Johnston /\jjohnstn
 S A /\simeon.danailov.andreev
 Pyves  /\pyvesdev
 Jonah Graham /\jonah
 Manoj Palat /\manoj.palat
 Sarika Sinha /\sarika.sinha
 Noopur Gupta /\noopur_gupta
 Kalyan P Tatavarthi /\kalyan_prasad
 Dieter Mai /\maidieter
 Paul Pazderski /\paul-eclipse
 Milles Eric TR Tech Content /\eric.milles
 R Steiger /\rsteiger
 Martin Lippert /\mlippert
 Sravan K Lakkimsetti /\sravankumarl
 Nitin Dahyabhai /\thatnitind
 Vikas Chandra /\Vikas.Chandra
 Philippe Cad /\philippe.cade
 Gunnar Wagenknecht /\gunnar
 Honnen Julian /\Julian.Honnen
 Christian Dietrich /\christian.dietrich
 Richard Steiger /\rsteiger
 Christian Pontesegger /\christian.pontesegger
 Simeon Andreev /\simeon.danailov.andreev
 Enrico Fregnan /\fregnan
 Lars Schuetze /\lars.schuetze
 SCHREIBERMartin /\Martin.SCHREIBER
 Sebastian Lohmeier /\sebastian
 Alex Lovkov /\charmik1994
 Marc Hoffmann /\hoffmann
 Aaron Digulla /\digulla
 Langer Christoph /\christoph.langer
 Hiep Lq /\hieplq
 Sebastian Krten /\sebastian.kuerten
 David Griffiths /\david.griffiths
 Dan N Christensen /\dan
 Rushikesh Kavar /\kavarrushikesh1212
 Edna Dias Canedo /\edna.canedo
 Fabian Pfaff /\fabian.pfaff
 Milles Eric TR Technology /\eric.milles
 Brian de Alwis /\briandealwis
 Eclipse Webmaster /\webmaster
 Mikael Stlhammar /\mikael_stalhammar
 Jrmie Bresson /\jeremie.bresson
 Duft Markus /\Markus.Duft
 Dietrich Christian /\christian.dietrich
 Carsten Reckord /\reckord
 Mike Milinkovich /\mike.milinkovich
 Pr Olivier Gruber /\olivier.gruber
 Pietro /\pulsarpietro
 Dr Marcel Bruch /\marcel.bruch
 Nikhil Mudholkar /\nikhilrmudholkar29
 bel Hegeds /\abel.hegedus
 Leo Ufimtsev /\lufimtse
 Daniel Alencar da Costa /\danielcosta
 vanxa ko /\threesixty
 Mike Wilson /\Mike_Wilson
   /\intellij
 Stefan Xenos /\sxenos
 Marcel Bruch /\marcel.bruch
 Markus Oley /\markus.oley
 Tyler Jewell /\tyler
 Max Rydahl Andersen /\manderse
 Walter Harley /\eclipse
 Sebastian Zarnekow /\Sebastian.Zarnekow
 Minxuan Zhuang /\z82507200
 Raffi Khatchadourian /\RKhatchadourian
 Slava Kabanovich /\vkabanovich
 Markus Keller /\markus_keller
 Csaba Kozk /\kozakcsabi
 David M Williams /\david_williams
 Wayne Beaton /\wayne
 Pavel Samolisov /\samolisov
 Julian Thom /\frostisch
 suryakant bhagat /\suryavesitb
 Timo Kinnunen /\timo.kinnunen
 Emond Papegaaij /\emond.papegaaij
 johnlee /\johnlee175
 Jan Vrany /\jan.vrany
 Marco Isella /\marco
 Denys Digtiar /\duemir
 Raymond Qiu /\zqiu
 LIUHUI /\liuhui2005
 danzheng /\cmaj135
 Jongwook Kim /\jongwook.kim
 Vineet Sinha /\vineet
 Jos Carlos de Campos /\zecapistolas
 Andrey Razumovsky /\razumovsky.andrey
 Olivier Thomann /\Olivier_Thomann
 Abhishek Rakshit /\abhishek
 Deepak Azad /\deepak.azad
 Dr Gili Mendel /\gmendel
 Sven Khler /\sven.koehler
 Mohsen Vakilian /\mvakili2
 Dimov Stefan /\stefan.dimov
 Panayotis Katsaloulis /\panayotis
 Morten Kjetland /\mbk
 Thane Anthem /\thaneanthem
 Eric Jodet /\eric_jodet
 Nicolas Anquetil /\anquetil.nicolas
 enediel gonzalez /\enediel
 Andy Clement /\andrew.clement
 Miles Sabin /\miles
 Anne Jacko /\emo
 Igor /\lovec
 Andre Weinand /\andre_weinand
 Charnjit Gill /\charnjit
 lars carlsson /\larsrss
 John Cortell /\rat042
 Siky Zhau /\sikyzhao
 Bala Murali Krishna Bheri /\b.bheri
 JeanClaude Royer /\Jean-Claude.Royer
 Thomas Hallgren /\thomas
 Darin Wright /\Darin_Wright
 jactive /\jactive
 Lars Carlsson /\larsrss
 Syed Muhammad Ali Shah /\alishah_ph
 Tristan Wibberley /\maihem
 Thomas Richter /\tricpod
 Philippe P Mulet /\philippe_mulet
 Martin Fernau /\m.fernau
 Gabriel Petrovay /\gabipetrovay
 HaoQi Li /\haoqili
 Klas K /\klas
 Frederic Fusier /\frederic_fusier
 Jerome Lanneluc /\jerome_lanneluc
 Michael Klenk /\mklenk
 Kent Johnson /\Kent_Johnson
 Pedro Borges /\pedro.dhb
 Abhishek Kamakhya /\a.kamakhya
 Bjorn FreemanBenson /\bjorn.freeman-benson
 Walid Maalej /\maalejw
 Antonio Cuomo /\myskin83
 Keynan Pratt /\keynan18
 Yu Zhang /\upupsky
 G Dev /\gdind2003
 Lars Ohln /\lars
 /\go30
 Martin Aeschlimann /\martin_aeschlimann
 Jiju George T /\jiju.george
 Dr Tingrong Lu /\lutingrong
 David Green /\dgreen
 olivier /\mail.pour.formulaire
 Kevin Ross /\kevin.ross
 Arnaud De Muyser /\ademuyser
 Bruno E Grossi /\bruno.grossi
 Christian Wrns /\christian.woerns
 Edward Miller /\emiller_news
 Daniel Selman /\dselman
 Eric Crahen /\eric.crahen.lists
 Levi da Costa Mota /\levicm
 Aaron Dean /\gluonuusx
 Anu Gupta DCSA /\anugupta
 Ajaneesh Rajashekharaiah /\ajaneesh
 etoom etoom /\qetoom
 Benno Baumgartner /\benno_baumgartner
 Edward Povazan /\epovazan
 Sean Qiu /\sean.xx.qiu
 Craig Ugoretz /\craigugoretz
 syg /\syg6
 Jose Cornado /\jose.cornado
 Robert Bowen /\syg6
 Raev Kaloyan /\kaloyan.raev
 Winifred /\dfalckckbv
 Rebekah Goodson /\springerwvjn
 Amanda Frey /\tdeckerqcue
 Enrique Hoover /\freightmspcaq
 Herschel Jarvis /\abukerxjir
 Hamm W Roland /\omb
 Joshua /\oswpud
 Myra N Burgess /\imeantime
 Earline /\pluangragqid
 renew /\gquestion
 Marquita /\hallo.dorisyjxc
 Emmanuel Burrell /\nicola.niceoreq
 Hollis Villalobos /\peggyjuisxgz
 Aisha Hutchison /\bulletokdpj
 Federico Lucas /\alahudb
 Smitha Anil /\smithaanilnair
 Niklas Saers /\niklassaers
 linuxguy /\linuxguy123
 Legndi Richrd /\roante
 Vitaly Provodin /\vitaly.a.provodin
 eBay Alert /\aw-confirm
 Quy Wasko /\fel
      /\jetmail999oooku
 Victor Lukashov /\public_relations
 Garza Luis /\Garisson
 Jonathan Cox /\canistervaccum.com
 Gerry Coffman /\couch
 Julian Gaines /\engpauperise
 Osvaldo Todd /\rofzmchambertnk
 Rickie Contreras /\rofzippaktnk
 dickerson /\czardegumming
 Mysore Visweswaraiah /\visweswaraiah.mysore
 Leandro Pfleger de Aguiar /\leandrop
 Classifications D Temperament /\lynn.tye
 Hasdrubal Sanabria /\marekoliles
 M Bashir AlNoimi /\hali83
 Nick Davis /\nick_home_account
 Rutherford Matthew CIBIT /\matthew.rutherford
 philip varghese /\techonam
 Akanksha Baid /\akanksha.baid
 Micha Gowacki /\miglo
 Tobias Widmer /\tobias_widmer
 miglo /\miglo
 Foong KimSeongCKF /\ckf034
 Petterson Henrique de Andrade /\pettersonhenrique
 Irum Godil /\softwarengineer2004
 Dirk Baeumer /\dirk_baeumer
 zifu yang /\zifu.yang
 Sandeep G R /\gr.sandeep
 Rigmor Ukuhe /\inyourdreams
 Tomas D sent by Nabblecom /\lists
 Joseph Gamal /\jgamal
 Sudhan Moghe /\sudhan.moghe
 Balasubramaniyan K /\balask
 Smitha R /\smithaanilnair
 Spiros Xanthos /\xanthos2
 Tim Wagner /\twagner
 oren mish /\orenmish
 Bart Du Bois /\bart.dubois
 Tang Yu /\tangyu
 Vasant Marathe /\VMarathe
 prabhakars /\prabhakars
 Simon Heinzle /\simon.heinzle
 kaniska /\kaniska
 Mikael Petterson KIEAB /\mikael.petterson
 Andre Dantas Rocha /\ad-rocha
 Ricardo Garcia /\rickystreambase
 Durham David R Jr Contr  CSPTSSCE /\David.Durham1
 Carpe Sebastien /\sebastien.carpe
 Gleb Sturov /\gsturov
 Scott Delap /\scott
 Liam Morley /\lmorley
 David Saff /\saff
 Daniel Le Berre /\leberre
 LE BERRE Daniel /\leberre
 VB /\vboyt
 Chris McGee /\cbmcgee
 David Koontz /\dakoontz
 Alexander Pavlov /\Alexander.Pavlov
 Manuel Gamito /\mag
 Shmuel Koller /\shmuelkol
 Chris /\jakarta-struts-dev
 Ed Burnette /\Ed.Burnette
 Paul Slauenwhite /\paules
 Dave Bartmess /\dingodave
 Denis Haskin /\denis
 Dan Allen /\dan.j.allen
 James Langley /\jlangley
 Joris Verschoor /\j.verschoor
 Gregg G Wonderly /\gregg
 Yiling Lu /\ylu
 Travis Hume /\travis
 Don Yantzi /\yantzi
 Boris Pelakh /\pelakh
 Veerasamy Thirumalai Cognizant /\VThiruma1
 eclipse /\eclipse
 Florian Deissenboeck /\deissenb
 Sandeep Yawale /\sbyawale
 Carpe Sbastien /\sebastien.carpe
 SPFink Thorsten /\sptf
 Erich Gamma /\erich_gamma
 Rgis /\dev
 Michael Seele /\mseele
 Thomas Maeder /\Thomas_Maeder
 Giovanni Formenti /\formenti
 Miguel Griffa /\mgriffa
 Pander /\pander
 Hongbing Kou /\hongbingkou
 Neeb Christian SRDAS EXT /\Christian.Neeb.ext
 Wei Wang /\ww220
 Jason Calabrese /\mail
 Schwitter Christoph /\christoph.schwitter
 Jared Burns /\jaredburns
 Leandro Rodrigo Saad Cruz /\leandro
 Martin Alley /\martin.alley
 Pablo Ricco /\lnpr
  /\xulun
 Lun Xu /\xulun
 Wood Alan /\a.wood
 Johannes Lebek /\joh.lebek
 David Medinets /\medined
 Alexander Wirz /\alexwirz
 Christophe Elek /\celek
 Friederike SchroederPander  /\FriederikeSP
 Chris Wege /\cwege
 emir limar /\emirlimar
 Jim des Rivieres /\Jim_des_Rivieres
 Leander Zeischka /\Leander.Zeischka
 Mathijs Vogelzang /\m_v
 Stamatis Karbounarakis /\karvoun
 Philip Reynolds /\philip.reynolds
 Radoslav Dutina /\enhydra
 Sam B /\sb_ngp
 Sikha Naresh /\Naresh.Sikha
 James Huang /\jhuang
 Andy Choi /\sincho02
 Kevin J Citron /\objectman
 Tim Vernum /\Tim.Vernum
 Rodney J Woodruff /\rwoodruf
 Jeremy Nix /\Jeremy.Nix
 Matt Quail /\spud-list
 Amit Gupta /\Amit_Gupta06
 Vladimir Shcherbina /\SHCHERB
 Vijayan /\kvijayan
 Markus Witt /\witt
 Adrian Colyer /\adrian_colyer
 Tim vor der Brueck /\brueck
 fabien aubert /\fabien2200
 Julien Solary /\jsolary
 Adam Kiezun /\adam.kiezun
 Aaron Optimizer Digulla /\digulla
 Gary Gregory /\ggregory
 Geoff Robinson /\geoffrobinson
 Gilles Cadignan /\gilles.cadignan
 John Ibbotson /\john_ibbotson
 joeblack /\joeblack.guo
 TanyaMarise De Sousa /\tdesous
 Simon Brenner /\simon.brenner
 Martin Buechi /\Martin.Buechi
 Marco Qualizza /\mqualizza
 Daniel Berg /\danberg
 Cedric ROUVRAIS /\crouvrais
 Donovan Bob /\bob.donovan
 RedmondEric /\eredmond
 Mark Gargan /\Mark.Gargan
 Bruce Boyes /\bboyes
 Frost Gary IT /\Gary.Frost
 Scott Rich /\srich
 Tim /\macta
 Philippe Maseres /\p.maseres
 Cook C Todd /\CTCook
 Brooks Preston L /\L.PRESTON.BROOKS.JR
 Hars Ruediger TCODB /\Ruediger.Hars
 Matthew Denner /\matt
 Matthew Pullen /\mpullen
 AndrewS /\aws6000
 Mike Oliver /\ollie
 Ravindra Babu N /\RavindraBN
 Dean Roberts /\Dean_Roberts
 Anil Vaitla /\anilvaitla
 DH /\dh
 Martin Cordova S /\mcordova
 KaiUwe Maetzel /\Kai-Uwe_Maetzel
 Timothy Halloran /\thallora
 Etienne Richards /\etienne
 bernd schatz /\bernd.schatz
 Jonathan Trevor /\trevor
 Vincent D Murphy /\vdm
 Rozenberg Ilya /\IRozenberg
 Christian Betz /\betz
 Sidney Monteiro /\sidney_f_monteiro
 Mike P /\thematrixhunter
 Stefan Groschupf /\sg
 mlopez /\mlopez
 Ratnesh Dubey /\ratneshdubey
 dovle /\dovle
 Joseph Moore /\eclipse_email_only
 Bill MasekCAMLotus /\bill_masek
 Dean RobertsOTTOTI /\Dean_Roberts